-- ユーザーデータの挿入
INSERT INTO users (id, name, email, age) VALUES
(1, '山田太郎', 'yamada@example.com', 25),
(2, '鈴木花子', 'suzuki@example.com', 30),
(3, '佐藤一郎', 'sato@example.com', 45),
(4, '田中美咲', 'tanaka@example.com', 28),
(5, '高橋健一', 'takahashi@example.com', 35),
(6, '渡辺真理', 'watanabe@example.com', 42),
(7, '伊藤さくら', 'ito@example.com', 23),
(8, '小林大輔', 'kobayashi@example.com', 33),
(9, '加藤優子', 'kato@example.com', 29),
(10, '吉田隆', 'yoshida@example.com', 38);

-- 習慣データの挿入
INSERT INTO habits (id, title, description, user_id, created_at, updated_at) VALUES
(1, '朝のジョギング', '毎朝5kmのジョギング', 1, '2024-01-01 09:00:00', '2024-01-01 09:00:00'),
(2, '読書', '1日30分の読書', 1, '2024-01-01 09:00:00', '2024-01-01 09:00:00'),
(3, '瞑想', '朝10分の瞑想', 2, '2024-01-01 09:00:00', '2024-01-01 09:00:00'),
(4, '筋トレ', '腕立て50回', 3, '2024-01-01 09:00:00', '2024-01-01 09:00:00'),
(5, '英語学習', 'オンライン英会話30分', 4, '2024-01-01 09:00:00', '2024-01-01 09:00:00'),
(6, '日記', '就寝前の日記記入', 5, '2024-01-01 09:00:00', '2024-01-01 09:00:00'),
(7, '水分補給', '1日2リットルの水分摂取', 6, '2024-01-01 09:00:00', '2024-01-01 09:00:00'),
(8, 'ストレッチ', '朝のストレッチ10分', 7, '2024-01-01 09:00:00', '2024-01-01 09:00:00'),
(9, '早起き', '毎朝6時起床', 8, '2024-01-01 09:00:00', '2024-01-01 09:00:00'),
(10, '野菜摂取', '毎食野菜を含める', 9, '2024-01-01 09:00:00', '2024-01-01 09:00:00');

-- 習慣記録データの挿入
INSERT INTO habit_records (id, habit_id, completed, record_date) VALUES
(1, 1, true, '2024-03-01'),
(2, 1, true, '2024-03-02'),
(3, 2, false, '2024-03-01'),
(4, 3, true, '2024-03-01'),
(5, 4, true, '2024-03-01'),
(6, 5, false, '2024-03-01'),
(7, 6, true, '2024-03-01'),
(8, 7, true, '2024-03-01'),
(9, 8, false, '2024-03-01'),
(10, 9, true, '2024-03-01');